Fájlnév;Hiba típus;Részletek
._30005.pdf;OCR_FAILED;Nem olvasható szöveg
._30014.pdf;OCR_FAILED;Nem olvasható szöveg
._30017.pdf;OCR_FAILED;Nem olvasható szöveg
._30018.pdf;OCR_FAILED;Nem olvasható szöveg
._30066.pdf;OCR_FAILED;Nem olvasható szöveg
._30071.pdf;OCR_FAILED;Nem olvasható szöveg
._30105.pdf;OCR_FAILED;Nem olvasható szöveg
._30109.pdf;OCR_FAILED;Nem olvasható szöveg
._30111.pdf;OCR_FAILED;Nem olvasható szöveg
._30140.pdf;OCR_FAILED;Nem olvasható szöveg
._30141.pdf;OCR_FAILED;Nem olvasható szöveg
._30163.pdf;OCR_FAILED;Nem olvasható szöveg
._30169.pdf;OCR_FAILED;Nem olvasható szöveg
._30242.pdf;OCR_FAILED;Nem olvasható szöveg
._30304.pdf;OCR_FAILED;Nem olvasható szöveg
._30344.pdf;OCR_FAILED;Nem olvasható szöveg
._30352.pdf;OCR_FAILED;Nem olvasható szöveg
._30475.pdf;OCR_FAILED;Nem olvasható szöveg
._30476.pdf;OCR_FAILED;Nem olvasható szöveg
._30494.pdf;OCR_FAILED;Nem olvasható szöveg
._30499.pdf;OCR_FAILED;Nem olvasható szöveg
._30519.pdf;OCR_FAILED;Nem olvasható szöveg
._30537.pdf;OCR_FAILED;Nem olvasható szöveg
._30538.pdf;OCR_FAILED;Nem olvasható szöveg
._30552.pdf;OCR_FAILED;Nem olvasható szöveg
._30566.pdf;OCR_FAILED;Nem olvasható szöveg
._30567.pdf;OCR_FAILED;Nem olvasható szöveg
._30568.pdf;OCR_FAILED;Nem olvasható szöveg
._30569.pdf;OCR_FAILED;Nem olvasható szöveg
._30571.pdf;OCR_FAILED;Nem olvasható szöveg
._30572.pdf;OCR_FAILED;Nem olvasható szöveg
._30573.pdf;OCR_FAILED;Nem olvasható szöveg
._30576.pdf;OCR_FAILED;Nem olvasható szöveg
._30579.pdf;OCR_FAILED;Nem olvasható szöveg
._30617.pdf;OCR_FAILED;Nem olvasható szöveg
._30632.pdf;OCR_FAILED;Nem olvasható szöveg
._30633.pdf;OCR_FAILED;Nem olvasható szöveg
._30634.pdf;OCR_FAILED;Nem olvasható szöveg
._30670.pdf;OCR_FAILED;Nem olvasható szöveg
._30689.pdf;OCR_FAILED;Nem olvasható szöveg
._30690.pdf;OCR_FAILED;Nem olvasható szöveg
._30701.pdf;OCR_FAILED;Nem olvasható szöveg
._30705.pdf;OCR_FAILED;Nem olvasható szöveg
._30710.pdf;OCR_FAILED;Nem olvasható szöveg
._30716.pdf;OCR_FAILED;Nem olvasható szöveg
._30728.pdf;OCR_FAILED;Nem olvasható szöveg
._30732.pdf;OCR_FAILED;Nem olvasható szöveg
._30739.pdf;OCR_FAILED;Nem olvasható szöveg
._30740.pdf;OCR_FAILED;Nem olvasható szöveg
._30741.pdf;OCR_FAILED;Nem olvasható szöveg
._30742.pdf;OCR_FAILED;Nem olvasható szöveg
._30753.pdf;OCR_FAILED;Nem olvasható szöveg
._30788.pdf;OCR_FAILED;Nem olvasható szöveg
._30790.pdf;OCR_FAILED;Nem olvasható szöveg
._30792.pdf;OCR_FAILED;Nem olvasható szöveg
._30793.pdf;OCR_FAILED;Nem olvasható szöveg
._30797.pdf;OCR_FAILED;Nem olvasható szöveg
._30800.pdf;OCR_FAILED;Nem olvasható szöveg
._30803.pdf;OCR_FAILED;Nem olvasható szöveg
._30804.pdf;OCR_FAILED;Nem olvasható szöveg
._30808.pdf;OCR_FAILED;Nem olvasható szöveg
._30809.pdf;OCR_FAILED;Nem olvasható szöveg
._30817.pdf;OCR_FAILED;Nem olvasható szöveg
._30819.pdf;OCR_FAILED;Nem olvasható szöveg
._30820.pdf;OCR_FAILED;Nem olvasható szöveg
._30821.pdf;OCR_FAILED;Nem olvasható szöveg
._30823.pdf;OCR_FAILED;Nem olvasható szöveg
._30835.pdf;OCR_FAILED;Nem olvasható szöveg
._30856.pdf;OCR_FAILED;Nem olvasható szöveg
._30860.pdf;OCR_FAILED;Nem olvasható szöveg
._30885.pdf;OCR_FAILED;Nem olvasható szöveg
._30907.pdf;OCR_FAILED;Nem olvasható szöveg
._30908.pdf;OCR_FAILED;Nem olvasható szöveg
._30961.pdf;OCR_FAILED;Nem olvasható szöveg
._30993.pdf;OCR_FAILED;Nem olvasható szöveg
._30994.pdf;OCR_FAILED;Nem olvasható szöveg
._31026.pdf;OCR_FAILED;Nem olvasható szöveg
._31048.pdf;OCR_FAILED;Nem olvasható szöveg
._31052.pdf;OCR_FAILED;Nem olvasható szöveg
._31083.pdf;OCR_FAILED;Nem olvasható szöveg
._31087.pdf;OCR_FAILED;Nem olvasható szöveg
._31089.pdf;OCR_FAILED;Nem olvasható szöveg
._31094.pdf;OCR_FAILED;Nem olvasható szöveg
._31142.pdf;OCR_FAILED;Nem olvasható szöveg
._31169.pdf;OCR_FAILED;Nem olvasható szöveg
._31203.pdf;OCR_FAILED;Nem olvasható szöveg
._31212.pdf;OCR_FAILED;Nem olvasható szöveg
._31347.pdf;OCR_FAILED;Nem olvasható szöveg
._31357.pdf;OCR_FAILED;Nem olvasható szöveg
._31404.pdf;OCR_FAILED;Nem olvasható szöveg
._31412.pdf;OCR_FAILED;Nem olvasható szöveg
._31453.pdf;OCR_FAILED;Nem olvasható szöveg
._31454.pdf;OCR_FAILED;Nem olvasható szöveg
._31455.pdf;OCR_FAILED;Nem olvasható szöveg
._31456.pdf;OCR_FAILED;Nem olvasható szöveg
._31457.pdf;OCR_FAILED;Nem olvasható szöveg
._31458.pdf;OCR_FAILED;Nem olvasható szöveg
._31460.pdf;OCR_FAILED;Nem olvasható szöveg
._31465.pdf;OCR_FAILED;Nem olvasható szöveg
._31533.pdf;OCR_FAILED;Nem olvasható szöveg
._31570.pdf;OCR_FAILED;Nem olvasható szöveg
._31573.pdf;OCR_FAILED;Nem olvasható szöveg
._31585.pdf;OCR_FAILED;Nem olvasható szöveg
._31600.pdf;OCR_FAILED;Nem olvasható szöveg
._31601.pdf;OCR_FAILED;Nem olvasható szöveg
._31617.pdf;OCR_FAILED;Nem olvasható szöveg
._31649.pdf;OCR_FAILED;Nem olvasható szöveg
._31680.pdf;OCR_FAILED;Nem olvasható szöveg
._31684.pdf;OCR_FAILED;Nem olvasható szöveg
._31737.pdf;OCR_FAILED;Nem olvasható szöveg
._31752.pdf;OCR_FAILED;Nem olvasható szöveg
._31755.pdf;OCR_FAILED;Nem olvasható szöveg
._31815.pdf;OCR_FAILED;Nem olvasható szöveg
._31830.pdf;OCR_FAILED;Nem olvasható szöveg
._31835.pdf;OCR_FAILED;Nem olvasható szöveg
._31865.pdf;OCR_FAILED;Nem olvasható szöveg
._31870.pdf;OCR_FAILED;Nem olvasható szöveg
._31871.pdf;OCR_FAILED;Nem olvasható szöveg
._31872.pdf;OCR_FAILED;Nem olvasható szöveg
._31873.pdf;OCR_FAILED;Nem olvasható szöveg
._31875.pdf;OCR_FAILED;Nem olvasható szöveg
._31876.pdf;OCR_FAILED;Nem olvasható szöveg
._31877.pdf;OCR_FAILED;Nem olvasható szöveg
._31878.pdf;OCR_FAILED;Nem olvasható szöveg
._31879.pdf;OCR_FAILED;Nem olvasható szöveg
._31880.pdf;OCR_FAILED;Nem olvasható szöveg
._31881.pdf;OCR_FAILED;Nem olvasható szöveg
._31882.pdf;OCR_FAILED;Nem olvasható szöveg
._31883.pdf;OCR_FAILED;Nem olvasható szöveg
._31884.pdf;OCR_FAILED;Nem olvasható szöveg
._31885.pdf;OCR_FAILED;Nem olvasható szöveg
._31886.pdf;OCR_FAILED;Nem olvasható szöveg
._31887.pdf;OCR_FAILED;Nem olvasható szöveg
._31888.pdf;OCR_FAILED;Nem olvasható szöveg
._31889.pdf;OCR_FAILED;Nem olvasható szöveg
._31890.pdf;OCR_FAILED;Nem olvasható szöveg
._31891.pdf;OCR_FAILED;Nem olvasható szöveg
._31892.pdf;OCR_FAILED;Nem olvasható szöveg
._31893.pdf;OCR_FAILED;Nem olvasható szöveg
._31894.pdf;OCR_FAILED;Nem olvasható szöveg
._31895.pdf;OCR_FAILED;Nem olvasható szöveg
._31896.pdf;OCR_FAILED;Nem olvasható szöveg
._31897.pdf;OCR_FAILED;Nem olvasható szöveg
._31898.pdf;OCR_FAILED;Nem olvasható szöveg
._31899.pdf;OCR_FAILED;Nem olvasható szöveg
._31900.pdf;OCR_FAILED;Nem olvasható szöveg
._31901.pdf;OCR_FAILED;Nem olvasható szöveg
._31902.pdf;OCR_FAILED;Nem olvasható szöveg
._31903.pdf;OCR_FAILED;Nem olvasható szöveg
._31904.pdf;OCR_FAILED;Nem olvasható szöveg
._31905.pdf;OCR_FAILED;Nem olvasható szöveg
._31906.pdf;OCR_FAILED;Nem olvasható szöveg
._31907.pdf;OCR_FAILED;Nem olvasható szöveg
._31908.pdf;OCR_FAILED;Nem olvasható szöveg
._31922.pdf;OCR_FAILED;Nem olvasható szöveg
._31929.pdf;OCR_FAILED;Nem olvasható szöveg
._31936.pdf;OCR_FAILED;Nem olvasható szöveg
._31958.pdf;OCR_FAILED;Nem olvasható szöveg
._32070.pdf;OCR_FAILED;Nem olvasható szöveg
._32076.pdf;OCR_FAILED;Nem olvasható szöveg
._32078.pdf;OCR_FAILED;Nem olvasható szöveg
._32082.pdf;OCR_FAILED;Nem olvasható szöveg
._32084.pdf;OCR_FAILED;Nem olvasható szöveg
._32085.pdf;OCR_FAILED;Nem olvasható szöveg
._32086.pdf;OCR_FAILED;Nem olvasható szöveg
._32089.pdf;OCR_FAILED;Nem olvasható szöveg
._32099.pdf;OCR_FAILED;Nem olvasható szöveg
._32109.pdf;OCR_FAILED;Nem olvasható szöveg
._32110.pdf;OCR_FAILED;Nem olvasható szöveg
._32134.pdf;OCR_FAILED;Nem olvasható szöveg
._32169.pdf;OCR_FAILED;Nem olvasható szöveg
._32284.pdf;OCR_FAILED;Nem olvasható szöveg
._32306.pdf;OCR_FAILED;Nem olvasható szöveg
._32328.pdf;OCR_FAILED;Nem olvasható szöveg
._32342.pdf;OCR_FAILED;Nem olvasható szöveg
._32353.pdf;OCR_FAILED;Nem olvasható szöveg
._32390.pdf;OCR_FAILED;Nem olvasható szöveg
._32443.pdf;OCR_FAILED;Nem olvasható szöveg
._32458.pdf;OCR_FAILED;Nem olvasható szöveg
._32496.pdf;OCR_FAILED;Nem olvasható szöveg
._32516.pdf;OCR_FAILED;Nem olvasható szöveg
._32517.pdf;OCR_FAILED;Nem olvasható szöveg
._32518.pdf;OCR_FAILED;Nem olvasható szöveg
._32545.pdf;OCR_FAILED;Nem olvasható szöveg
._32555.pdf;OCR_FAILED;Nem olvasható szöveg
._32561.pdf;OCR_FAILED;Nem olvasható szöveg
._32588.pdf;OCR_FAILED;Nem olvasható szöveg
._32646.pdf;OCR_FAILED;Nem olvasható szöveg
._32650.pdf;OCR_FAILED;Nem olvasható szöveg
._32653.pdf;OCR_FAILED;Nem olvasható szöveg
._32780.pdf;OCR_FAILED;Nem olvasható szöveg
._32794.pdf;OCR_FAILED;Nem olvasható szöveg
._32802.pdf;OCR_FAILED;Nem olvasható szöveg
._32803.pdf;OCR_FAILED;Nem olvasható szöveg
._32849.pdf;OCR_FAILED;Nem olvasható szöveg
._32866.pdf;OCR_FAILED;Nem olvasható szöveg
._32870.pdf;OCR_FAILED;Nem olvasható szöveg
._32876.pdf;OCR_FAILED;Nem olvasható szöveg
._32877.pdf;OCR_FAILED;Nem olvasható szöveg
._32878.pdf;OCR_FAILED;Nem olvasható szöveg
._32879.pdf;OCR_FAILED;Nem olvasható szöveg
._32886.pdf;OCR_FAILED;Nem olvasható szöveg
._32888.pdf;OCR_FAILED;Nem olvasható szöveg
._32892.pdf;OCR_FAILED;Nem olvasható szöveg
._32893.pdf;OCR_FAILED;Nem olvasható szöveg
._32907.pdf;OCR_FAILED;Nem olvasható szöveg
._32965.pdf;OCR_FAILED;Nem olvasható szöveg
._32985.pdf;OCR_FAILED;Nem olvasható szöveg
._33031.pdf;OCR_FAILED;Nem olvasható szöveg
._33038.pdf;OCR_FAILED;Nem olvasható szöveg
._33040.pdf;OCR_FAILED;Nem olvasható szöveg
._33041.pdf;OCR_FAILED;Nem olvasható szöveg
._33114.pdf;OCR_FAILED;Nem olvasható szöveg
._33116.pdf;OCR_FAILED;Nem olvasható szöveg
._33174.pdf;OCR_FAILED;Nem olvasható szöveg
._33244.pdf;OCR_FAILED;Nem olvasható szöveg
._33246.pdf;OCR_FAILED;Nem olvasható szöveg
._33247.pdf;OCR_FAILED;Nem olvasható szöveg
._33293.pdf;OCR_FAILED;Nem olvasható szöveg
._33295.pdf;OCR_FAILED;Nem olvasható szöveg
._33298.pdf;OCR_FAILED;Nem olvasható szöveg
._33300.pdf;OCR_FAILED;Nem olvasható szöveg
._33302.pdf;OCR_FAILED;Nem olvasható szöveg
._33303.pdf;OCR_FAILED;Nem olvasható szöveg
._33307.pdf;OCR_FAILED;Nem olvasható szöveg
._33308.pdf;OCR_FAILED;Nem olvasható szöveg
._33310.pdf;OCR_FAILED;Nem olvasható szöveg
._33314.pdf;OCR_FAILED;Nem olvasható szöveg
._33319.pdf;OCR_FAILED;Nem olvasható szöveg
._33321.pdf;OCR_FAILED;Nem olvasható szöveg
._33322.pdf;OCR_FAILED;Nem olvasható szöveg
._33323.pdf;OCR_FAILED;Nem olvasható szöveg
._33324.pdf;OCR_FAILED;Nem olvasható szöveg
._33325.pdf;OCR_FAILED;Nem olvasható szöveg
._33326.pdf;OCR_FAILED;Nem olvasható szöveg
._33327.pdf;OCR_FAILED;Nem olvasható szöveg
._33328.pdf;OCR_FAILED;Nem olvasható szöveg
._33329.pdf;OCR_FAILED;Nem olvasható szöveg
._33334.pdf;OCR_FAILED;Nem olvasható szöveg
._33336.pdf;OCR_FAILED;Nem olvasható szöveg
._33337.pdf;OCR_FAILED;Nem olvasható szöveg
._33339.pdf;OCR_FAILED;Nem olvasható szöveg
._33340.pdf;OCR_FAILED;Nem olvasható szöveg
._33341.pdf;OCR_FAILED;Nem olvasható szöveg
._33342.pdf;OCR_FAILED;Nem olvasható szöveg
._33344.pdf;OCR_FAILED;Nem olvasható szöveg
._33348.pdf;OCR_FAILED;Nem olvasható szöveg
._33349.pdf;OCR_FAILED;Nem olvasható szöveg
._33350.pdf;OCR_FAILED;Nem olvasható szöveg
._33351.pdf;OCR_FAILED;Nem olvasható szöveg
._33352.pdf;OCR_FAILED;Nem olvasható szöveg
._33353.pdf;OCR_FAILED;Nem olvasható szöveg
._33354.pdf;OCR_FAILED;Nem olvasható szöveg
._33356.pdf;OCR_FAILED;Nem olvasható szöveg
._33359.pdf;OCR_FAILED;Nem olvasható szöveg
._33360.pdf;OCR_FAILED;Nem olvasható szöveg
._33361.pdf;OCR_FAILED;Nem olvasható szöveg
._33362.pdf;OCR_FAILED;Nem olvasható szöveg
._33363.pdf;OCR_FAILED;Nem olvasható szöveg
._33364.pdf;OCR_FAILED;Nem olvasható szöveg
._33368.pdf;OCR_FAILED;Nem olvasható szöveg
._33372.pdf;OCR_FAILED;Nem olvasható szöveg
._33373.pdf;OCR_FAILED;Nem olvasható szöveg
._33375.pdf;OCR_FAILED;Nem olvasható szöveg
._33412.pdf;OCR_FAILED;Nem olvasható szöveg
._33430.pdf;OCR_FAILED;Nem olvasható szöveg
._33455.pdf;OCR_FAILED;Nem olvasható szöveg
._33472.pdf;OCR_FAILED;Nem olvasható szöveg
._33478.pdf;OCR_FAILED;Nem olvasható szöveg
._33479.pdf;OCR_FAILED;Nem olvasható szöveg
._33485.pdf;OCR_FAILED;Nem olvasható szöveg
._33524.pdf;OCR_FAILED;Nem olvasható szöveg
._33525.pdf;OCR_FAILED;Nem olvasható szöveg
._33533.pdf;OCR_FAILED;Nem olvasható szöveg
._33540.pdf;OCR_FAILED;Nem olvasható szöveg
._33549.pdf;OCR_FAILED;Nem olvasható szöveg
._33551.pdf;OCR_FAILED;Nem olvasható szöveg
._33555.pdf;OCR_FAILED;Nem olvasható szöveg
._33563.pdf;OCR_FAILED;Nem olvasható szöveg
._33600.pdf;OCR_FAILED;Nem olvasható szöveg
._33602.pdf;OCR_FAILED;Nem olvasható szöveg
._33604.pdf;OCR_FAILED;Nem olvasható szöveg
._33605.pdf;OCR_FAILED;Nem olvasható szöveg
._33606.pdf;OCR_FAILED;Nem olvasható szöveg
._33609.pdf;OCR_FAILED;Nem olvasható szöveg
._33619.pdf;OCR_FAILED;Nem olvasható szöveg
._33682.pdf;OCR_FAILED;Nem olvasható szöveg
._33688.pdf;OCR_FAILED;Nem olvasható szöveg
._33712.pdf;OCR_FAILED;Nem olvasható szöveg
._33721.pdf;OCR_FAILED;Nem olvasható szöveg
._33723.pdf;OCR_FAILED;Nem olvasható szöveg
._33724.pdf;OCR_FAILED;Nem olvasható szöveg
._33729.pdf;OCR_FAILED;Nem olvasható szöveg
._33734.pdf;OCR_FAILED;Nem olvasható szöveg
._33735.pdf;OCR_FAILED;Nem olvasható szöveg
._33742.pdf;OCR_FAILED;Nem olvasható szöveg
._33744.pdf;OCR_FAILED;Nem olvasható szöveg
._33749.pdf;OCR_FAILED;Nem olvasható szöveg
._33753.pdf;OCR_FAILED;Nem olvasható szöveg
._33754.pdf;OCR_FAILED;Nem olvasható szöveg
._33757.pdf;OCR_FAILED;Nem olvasható szöveg
._33766.pdf;OCR_FAILED;Nem olvasható szöveg
._33767.pdf;OCR_FAILED;Nem olvasható szöveg
._33769.pdf;OCR_FAILED;Nem olvasható szöveg
._33834.pdf;OCR_FAILED;Nem olvasható szöveg
._33835.pdf;OCR_FAILED;Nem olvasható szöveg
._33886.pdf;OCR_FAILED;Nem olvasható szöveg
._33891.pdf;OCR_FAILED;Nem olvasható szöveg
._33937.pdf;OCR_FAILED;Nem olvasható szöveg
._33965.pdf;OCR_FAILED;Nem olvasható szöveg
._33966.pdf;OCR_FAILED;Nem olvasható szöveg
._33967.pdf;OCR_FAILED;Nem olvasható szöveg
._33969.pdf;OCR_FAILED;Nem olvasható szöveg
._33970.pdf;OCR_FAILED;Nem olvasható szöveg
._33997.pdf;OCR_FAILED;Nem olvasható szöveg
._33999.pdf;OCR_FAILED;Nem olvasható szöveg
._34005.pdf;OCR_FAILED;Nem olvasható szöveg
._34072.pdf;OCR_FAILED;Nem olvasható szöveg
._34085.pdf;OCR_FAILED;Nem olvasható szöveg
._34088.pdf;OCR_FAILED;Nem olvasható szöveg
._34097.pdf;OCR_FAILED;Nem olvasható szöveg
._34114.pdf;OCR_FAILED;Nem olvasható szöveg
._34139.pdf;OCR_FAILED;Nem olvasható szöveg
._34145.pdf;OCR_FAILED;Nem olvasható szöveg
._34379.pdf;OCR_FAILED;Nem olvasható szöveg
._34397.pdf;OCR_FAILED;Nem olvasható szöveg
._34412.pdf;OCR_FAILED;Nem olvasható szöveg
._34418.pdf;OCR_FAILED;Nem olvasható szöveg
._34419.pdf;OCR_FAILED;Nem olvasható szöveg
._34524.pdf;OCR_FAILED;Nem olvasható szöveg
._34587.pdf;OCR_FAILED;Nem olvasható szöveg
._34589.pdf;OCR_FAILED;Nem olvasható szöveg
._34628.pdf;OCR_FAILED;Nem olvasható szöveg
._34709.pdf;OCR_FAILED;Nem olvasható szöveg
._34720.pdf;OCR_FAILED;Nem olvasható szöveg
._34722.pdf;OCR_FAILED;Nem olvasható szöveg
._34734.pdf;OCR_FAILED;Nem olvasható szöveg
._34760.pdf;OCR_FAILED;Nem olvasható szöveg
._34761.pdf;OCR_FAILED;Nem olvasható szöveg
._34807.pdf;OCR_FAILED;Nem olvasható szöveg
._34810.pdf;OCR_FAILED;Nem olvasható szöveg
._34811.pdf;OCR_FAILED;Nem olvasható szöveg
._34812.pdf;OCR_FAILED;Nem olvasható szöveg
._34813.pdf;OCR_FAILED;Nem olvasható szöveg
._34814.pdf;OCR_FAILED;Nem olvasható szöveg
._34815.pdf;OCR_FAILED;Nem olvasható szöveg
._34851.pdf;OCR_FAILED;Nem olvasható szöveg
._34859.pdf;OCR_FAILED;Nem olvasható szöveg
._34867.pdf;OCR_FAILED;Nem olvasható szöveg
._34869.pdf;OCR_FAILED;Nem olvasható szöveg
._34876.pdf;OCR_FAILED;Nem olvasható szöveg
._34960.pdf;OCR_FAILED;Nem olvasható szöveg
._34969.pdf;OCR_FAILED;Nem olvasható szöveg
._34970.pdf;OCR_FAILED;Nem olvasható szöveg
._34971.pdf;OCR_FAILED;Nem olvasható szöveg
._35030.pdf;OCR_FAILED;Nem olvasható szöveg
._35036.pdf;OCR_FAILED;Nem olvasható szöveg
._35066.pdf;OCR_FAILED;Nem olvasható szöveg
._35142.pdf;OCR_FAILED;Nem olvasható szöveg
._35160.pdf;OCR_FAILED;Nem olvasható szöveg
._35168.pdf;OCR_FAILED;Nem olvasható szöveg
._35169.pdf;OCR_FAILED;Nem olvasható szöveg
._35170.pdf;OCR_FAILED;Nem olvasható szöveg
._35172.pdf;OCR_FAILED;Nem olvasható szöveg
._35173.pdf;OCR_FAILED;Nem olvasható szöveg
._35202.pdf;OCR_FAILED;Nem olvasható szöveg
._35239.pdf;OCR_FAILED;Nem olvasható szöveg
._35287.pdf;OCR_FAILED;Nem olvasható szöveg
._35395.pdf;OCR_FAILED;Nem olvasható szöveg
._35419.pdf;OCR_FAILED;Nem olvasható szöveg
._35420.pdf;OCR_FAILED;Nem olvasható szöveg
._35426.pdf;OCR_FAILED;Nem olvasható szöveg
._35427.pdf;OCR_FAILED;Nem olvasható szöveg
._35428.pdf;OCR_FAILED;Nem olvasható szöveg
._35499.pdf;OCR_FAILED;Nem olvasható szöveg
._35506.pdf;OCR_FAILED;Nem olvasható szöveg
._35519.pdf;OCR_FAILED;Nem olvasható szöveg
._35520.pdf;OCR_FAILED;Nem olvasható szöveg
._35546.pdf;OCR_FAILED;Nem olvasható szöveg
._35656.pdf;OCR_FAILED;Nem olvasható szöveg
._35666.pdf;OCR_FAILED;Nem olvasható szöveg
._35676.pdf;OCR_FAILED;Nem olvasható szöveg
._35796.pdf;OCR_FAILED;Nem olvasható szöveg
._35832.pdf;OCR_FAILED;Nem olvasható szöveg
._35833.pdf;OCR_FAILED;Nem olvasható szöveg
._35834.pdf;OCR_FAILED;Nem olvasható szöveg
._35835.pdf;OCR_FAILED;Nem olvasható szöveg
._35836.pdf;OCR_FAILED;Nem olvasható szöveg
._35837.pdf;OCR_FAILED;Nem olvasható szöveg
._35906.pdf;OCR_FAILED;Nem olvasható szöveg
._35976.pdf;OCR_FAILED;Nem olvasható szöveg
._36064.pdf;OCR_FAILED;Nem olvasható szöveg
._36068.pdf;OCR_FAILED;Nem olvasható szöveg
._36072.pdf;OCR_FAILED;Nem olvasható szöveg
._36085.pdf;OCR_FAILED;Nem olvasható szöveg
._36103.pdf;OCR_FAILED;Nem olvasható szöveg
._36133.pdf;OCR_FAILED;Nem olvasható szöveg
._36176.pdf;OCR_FAILED;Nem olvasható szöveg
._36185.pdf;OCR_FAILED;Nem olvasható szöveg
._36225.pdf;OCR_FAILED;Nem olvasható szöveg
._36226.pdf;OCR_FAILED;Nem olvasható szöveg
._36227.pdf;OCR_FAILED;Nem olvasható szöveg
._36232.pdf;OCR_FAILED;Nem olvasható szöveg
._36257.pdf;OCR_FAILED;Nem olvasható szöveg
._36258.pdf;OCR_FAILED;Nem olvasható szöveg
._36259.pdf;OCR_FAILED;Nem olvasható szöveg
._36262.pdf;OCR_FAILED;Nem olvasható szöveg
._36271.pdf;OCR_FAILED;Nem olvasható szöveg
._36290.pdf;OCR_FAILED;Nem olvasható szöveg
._36295.pdf;OCR_FAILED;Nem olvasható szöveg
._36296.pdf;OCR_FAILED;Nem olvasható szöveg
._36297.pdf;OCR_FAILED;Nem olvasható szöveg
._36298.pdf;OCR_FAILED;Nem olvasható szöveg
._36299.pdf;OCR_FAILED;Nem olvasható szöveg
._36300.pdf;OCR_FAILED;Nem olvasható szöveg
._36301.pdf;OCR_FAILED;Nem olvasható szöveg
._36302.pdf;OCR_FAILED;Nem olvasható szöveg
._36317.pdf;OCR_FAILED;Nem olvasható szöveg
._36327.pdf;OCR_FAILED;Nem olvasható szöveg
._36359.pdf;OCR_FAILED;Nem olvasható szöveg
._36403.pdf;OCR_FAILED;Nem olvasható szöveg
._36408.pdf;OCR_FAILED;Nem olvasható szöveg
._36440.pdf;OCR_FAILED;Nem olvasható szöveg
._36441.pdf;OCR_FAILED;Nem olvasható szöveg
._36448.pdf;OCR_FAILED;Nem olvasható szöveg
._36475.pdf;OCR_FAILED;Nem olvasható szöveg
._36549.pdf;OCR_FAILED;Nem olvasható szöveg
._36559.pdf;OCR_FAILED;Nem olvasható szöveg
._36561.pdf;OCR_FAILED;Nem olvasható szöveg
._36621.pdf;OCR_FAILED;Nem olvasható szöveg
._36622.pdf;OCR_FAILED;Nem olvasható szöveg
._36623.pdf;OCR_FAILED;Nem olvasható szöveg
._36633.pdf;OCR_FAILED;Nem olvasható szöveg
._36646.pdf;OCR_FAILED;Nem olvasható szöveg
._36647.pdf;OCR_FAILED;Nem olvasható szöveg
._36651.pdf;OCR_FAILED;Nem olvasható szöveg
._36757.pdf;OCR_FAILED;Nem olvasható szöveg
._36772.pdf;OCR_FAILED;Nem olvasható szöveg
._36780.pdf;OCR_FAILED;Nem olvasható szöveg
._36843.pdf;OCR_FAILED;Nem olvasható szöveg
._36904.pdf;OCR_FAILED;Nem olvasható szöveg
._36962.pdf;OCR_FAILED;Nem olvasható szöveg
._36990.pdf;OCR_FAILED;Nem olvasható szöveg
._36993.pdf;OCR_FAILED;Nem olvasható szöveg
._37000.pdf;OCR_FAILED;Nem olvasható szöveg
._37005.pdf;OCR_FAILED;Nem olvasható szöveg
._37010.pdf;OCR_FAILED;Nem olvasható szöveg
._37053.pdf;OCR_FAILED;Nem olvasható szöveg
._37059.pdf;OCR_FAILED;Nem olvasható szöveg
._37137.pdf;OCR_FAILED;Nem olvasható szöveg
._37138.pdf;OCR_FAILED;Nem olvasható szöveg
._37142.pdf;OCR_FAILED;Nem olvasható szöveg
._37168.pdf;OCR_FAILED;Nem olvasható szöveg
._37199.pdf;OCR_FAILED;Nem olvasható szöveg
._37222.pdf;OCR_FAILED;Nem olvasható szöveg
._37246.pdf;OCR_FAILED;Nem olvasható szöveg
._37416.pdf;OCR_FAILED;Nem olvasható szöveg
._37439.pdf;OCR_FAILED;Nem olvasható szöveg
._37463.pdf;OCR_FAILED;Nem olvasható szöveg
._37495.pdf;OCR_FAILED;Nem olvasható szöveg
._37540.pdf;OCR_FAILED;Nem olvasható szöveg
._37546.pdf;OCR_FAILED;Nem olvasható szöveg
._37598.pdf;OCR_FAILED;Nem olvasható szöveg
._37864.pdf;OCR_FAILED;Nem olvasható szöveg
._37869.pdf;OCR_FAILED;Nem olvasható szöveg
._37879.pdf;OCR_FAILED;Nem olvasható szöveg
._37887.pdf;OCR_FAILED;Nem olvasható szöveg
._37916.pdf;OCR_FAILED;Nem olvasható szöveg
._37998.pdf;OCR_FAILED;Nem olvasható szöveg
._38000.pdf;OCR_FAILED;Nem olvasható szöveg
._38031.pdf;OCR_FAILED;Nem olvasható szöveg
._38071.pdf;OCR_FAILED;Nem olvasható szöveg
._38079.pdf;OCR_FAILED;Nem olvasható szöveg
._38082.pdf;OCR_FAILED;Nem olvasható szöveg
._38210.pdf;OCR_FAILED;Nem olvasható szöveg
._38211.pdf;OCR_FAILED;Nem olvasható szöveg
._38221.pdf;OCR_FAILED;Nem olvasható szöveg
._38340.pdf;OCR_FAILED;Nem olvasható szöveg
._38377.pdf;OCR_FAILED;Nem olvasható szöveg
._38464.pdf;OCR_FAILED;Nem olvasható szöveg
._38501.pdf;OCR_FAILED;Nem olvasható szöveg
._38532.pdf;OCR_FAILED;Nem olvasható szöveg
._38562.pdf;OCR_FAILED;Nem olvasható szöveg
._38598.pdf;OCR_FAILED;Nem olvasható szöveg
._38611.pdf;OCR_FAILED;Nem olvasható szöveg
._38626.pdf;OCR_FAILED;Nem olvasható szöveg
._38627.pdf;OCR_FAILED;Nem olvasható szöveg
._38628.pdf;OCR_FAILED;Nem olvasható szöveg
._38643.pdf;OCR_FAILED;Nem olvasható szöveg
._38732.pdf;OCR_FAILED;Nem olvasható szöveg
._38739.pdf;OCR_FAILED;Nem olvasható szöveg